name,hallid
Foam Roller,5
Bosu Ball,8
Dumbbell Set,9
Kettlebell,9
Medicine Ball,10
Medicine Ball,11
Pull-Up Bar,9
Weight Bench,1
Jump Rope,1
Elliptical Trainer,10
Resistance Bands,18
Power Rack,10
Barbell,7
Medicine Ball,20
Stationary Bike,12
Yoga Mat,11
Elliptical Trainer,16
Treadmill,18
Elliptical Trainer,19
Yoga Mat,2
Battle Rope,13
Punching Bag,7
Agility Cones,3
Jump Rope,9
Medicine Ball,15
Kettlebell,11
Pull-Up Bar,9
Dumbbell Set,12
Jump Rope,19
Jump Rope,20
Stationary Bike,1
Jump Rope,9
Rowing Machine,2
Barbell,16
Kettlebell,16
Medicine Ball,1
Resistance Bands,10
Punching Bag,8
Dumbbell Set,13
Medicine Ball,7
Agility Cones,19
Pull-Up Bar,12
Punching Bag,8
Agility Cones,17
Punching Bag,3
Foam Roller,12
Rowing Machine,17
Bosu Ball,2
Pull-Up Bar,14
Foam Roller,3
Agility Cones,6
Elliptical Trainer,19
Dumbbell Set,6
Barbell,6
Elliptical Trainer,15
Power Rack,5
Agility Cones,5
Pull-Up Bar,18
Bosu Ball,18
Rowing Machine,20
Agility Cones,15
Treadmill,2
Rowing Machine,19
Treadmill,17
Medicine Ball,9
Jump Rope,15
Weight Bench,12
Jump Rope,1
Battle Rope,11
Jump Rope,5
Resistance Bands,13
Yoga Mat,10
Barbell,2
Medicine Ball,5
Yoga Mat,6
Weight Bench,17
Pull-Up Bar,20
Foam Roller,14
Kettlebell,5
Stationary Bike,3
Elliptical Trainer,8
Kettlebell,9
Punching Bag,18
Medicine Ball,2
Speed Ladder,15
Barbell,6
Stationary Bike,20
Dumbbell Set,19
Rowing Machine,15
Power Rack,20
Barbell,17
Kettlebell,14
Foam Roller,20
Foam Roller,6
Battle Rope,17
Foam Roller,3
Foam Roller,6
Yoga Mat,8
Jump Rope,6
Power Rack,9
Kettlebell,18
Power Rack,17
Medicine Ball,16
Jump Rope,19
Yoga Mat,6
Rowing Machine,8
Rowing Machine,19
Elliptical Trainer,16
Kettlebell,5
Stationary Bike,19
Treadmill,11
Foam Roller,18
Speed Ladder,15
Treadmill,7
Jump Rope,11
Kettlebell,13
Stationary Bike,7
Agility Cones,19
Medicine Ball,10
Battle Rope,16
Barbell,12
Kettlebell,17
Foam Roller,19
Stationary Bike,2
Yoga Mat,11
Foam Roller,15
Power Rack,13
Dumbbell Set,12
Pull-Up Bar,14
Punching Bag,7
Bosu Ball,6
Rowing Machine,4
Dumbbell Set,8
Agility Cones,4
Pull-Up Bar,17
Resistance Bands,9
Punching Bag,18
Elliptical Trainer,18
Rowing Machine,16
Stationary Bike,8
Jump Rope,19
Jump Rope,9
Kettlebell,11
Yoga Mat,13
Elliptical Trainer,14
Elliptical Trainer,18
Foam Roller,11
Speed Ladder,6
Dumbbell Set,16
Pull-Up Bar,17
Dumbbell Set,9
Jump Rope,9
Resistance Bands,16
Stationary Bike,14
Stationary Bike,11
Kettlebell,12
Power Rack,2
Punching Bag,4
Medicine Ball,13
Speed Ladder,13
Treadmill,19
Kettlebell,16
Jump Rope,4
Resistance Bands,3
Punching Bag,6
Rowing Machine,6
Bosu Ball,20
Power Rack,19
Treadmill,1
Medicine Ball,16
Bosu Ball,6
Weight Bench,15
Barbell,4
Battle Rope,4
Battle Rope,6
Power Rack,7
Medicine Ball,11
Foam Roller,5
Agility Cones,4
Agility Cones,5
Kettlebell,11
Bosu Ball,14
Power Rack,17
Bosu Ball,7
Speed Ladder,20
Pull-Up Bar,4
Power Rack,10
Yoga Mat,16
Resistance Bands,3
Agility Cones,14
Dumbbell Set,7
Kettlebell,17
Rowing Machine,7
Medicine Ball,11
Jump Rope,20
Bosu Ball,18
Yoga Mat,2
Dumbbell Set,11
Rowing Machine,8
Barbell,7
